{"PSO_default_total_200_current_0": 0.557979274992249, "PSO_default_total_200_current_1": 1.1248948809952708, "PSO_default_total_200_current_2": 0.7063053289894015, "PSO_default_total_200_current_3": 1.2286908509704517, "PSO_default_total_200_current_4": 0.5675098720239475, "PSO_default_total_200_current_5": 1.088845251040766, "PSO_default_total_200_current_6": 0.8549564029817702, "PSO_default_total_200_current_7": 0.5320670010696631, "PSO_default_total_200_current_8": 1.2501559580559842, "PSO_default_total_200_current_9": 0.6002323589927983, "PSO_default_total_200_current_10": 1.6754522281262325, "PSO_default_total_200_current_11": 1.040385890955804, "PSO_default_total_200_current_12": 0.6747154079639586, "PSO_default_total_200_current_13": 0.5492592839582358, "PSO_default_total_200_current_14": 0.6475415299792076, "PSO_default_total_200_current_15": 1.2310606490063947, "PSO_default_total_200_current_16": 0.7371789349854225, "PSO_default_total_200_current_17": 0.9987517129920889, "PSO_default_total_200_current_18": 0.8079893610120052, "PSO_default_total_200_current_19": 1.711370433025877, "PSO_default_total_200_current_20": 0.846477226994466, "PSO_default_total_200_current_21": 0.5428269000258297, "PSO_default_total_200_current_22": 0.810686561948387, "PSO_default_total_200_current_23": 1.2833040700497804, "PSO_default_total_200_current_24": 1.0726484739716398, "PSO_default_total_200_current_25": 0.771164590929402, "PSO_default_total_200_current_26": 0.969424672977766, "PSO_default_total_200_current_27": 1.1974349580268608, "PSO_default_total_200_current_28": 0.5647819090227131, "PSO_default_total_200_current_29": 0.5793820669932757, "PSO_default_total_200_current_30": 0.5461073640035465, "PSO_default_total_200_current_31": 0.8533555419562617, "PSO_default_total_200_current_32": 1.0518178700003773, "PSO_default_total_200_current_33": 0.5348781700013205, "PSO_default_total_200_current_34": 0.5263790079770843, "PSO_default_total_200_current_35": 0.6462828820367577, "PSO_default_total_200_current_36": 0.5841296829894418, "PSO_default_total_200_current_37": 0.7020726650080178, "PSO_default_total_200_current_38": 0.5188307289936347, "PSO_default_total_200_current_39": 0.522653900043224, "PSO_default_total_200_current_40": 0.6972455269569764, "PSO_default_total_200_current_41": 0.5478997420432279, "PSO_default_total_200_current_42": 1.183082347997697, "PSO_default_total_200_current_43": 1.124755578013719, "PSO_default_total_200_current_44": 0.6476887539902236, "PSO_default_total_200_current_45": 1.0357061739632627, "PSO_default_total_200_current_46": 0.7985550990415504, "PSO_default_total_200_current_47": 1.070893673953833, "PSO_default_total_200_current_48": 0.5281328610144556, "PSO_default_total_200_current_49": 0.6199852230201941, "PSO_default_total_200_current_50": 0.5634303680126322, "PSO_default_total_200_current_51": 0.4810847210173961, "PSO_default_total_200_current_52": 0.7834818930714391, "PSO_default_total_200_current_53": 0.854904840074596, "PSO_default_total_200_current_54": 0.9661084299877984, "PSO_default_total_200_current_55": 0.545627448023879, "PSO_default_total_200_current_56": 0.5617037480551517, "PSO_default_total_200_current_57": 0.6099025089934003, "PSO_default_total_200_current_58": 0.7779144479281968, "PSO_default_total_200_current_59": 0.5807647690380691, "PSO_default_total_200_current_60": 0.791367539044586, "PSO_default_total_200_current_61": 0.6306163750123233, "PSO_default_total_200_current_62": 0.822463122967747, "PSO_default_total_200_current_63": 0.5811583400063682, "PSO_default_total_200_current_64": 0.7091234711115249, "PSO_default_total_200_current_65": 0.9160304149409058, "PSO_default_total_200_current_66": 0.9633265689626569, "PSO_default_total_200_current_67": 0.5201213870168431, "PSO_default_total_200_current_68": 0.5128804609994404, "PSO_default_total_200_current_69": 0.7025563810020685, "PSO_default_total_200_current_70": 0.5363674430263927, "PSO_default_total_200_current_71": 0.5110028369526844, "PSO_default_total_200_current_72": 0.4819514749251539, "PSO_default_total_200_current_73": 0.5243731110240333, "PSO_default_total_200_current_74": 0.5445560669759288, "PSO_default_total_200_current_75": 0.47663733997615054, "PSO_default_total_200_current_76": 0.49942338799883146, "PSO_default_total_200_current_77": 0.47966784601157997, "PSO_default_total_200_current_78": 0.46132181798748206, "PSO_default_total_200_current_79": 0.47633752900583204, "PSO_default_total_200_current_80": 0.6763707559730392, "PSO_default_total_200_current_81": 1.0022421648609452, "PSO_default_total_200_current_82": 0.5649489509814885, "PSO_default_total_200_current_83": 0.5040165070531657, "PSO_default_total_200_current_84": 0.48131520295282826, "PSO_default_total_200_current_85": 0.46015382997575216, "PSO_default_total_200_current_86": 0.6585843070497504, "PSO_default_total_200_current_87": 0.4582252929394599, "PSO_default_total_200_current_88": 1.1073419899767032, "PSO_default_total_200_current_89": 0.5180391350440914, "PSO_default_total_200_current_90": 0.5132746869785478, "PSO_default_total_200_current_91": 0.479374368005665, "PSO_default_total_200_current_92": 0.4927430709649343, "PSO_default_total_200_current_93": 0.5925246959814103, "PSO_default_total_200_current_94": 0.5181125000090105, "PSO_default_total_200_current_95": 0.4674056850053603, "PSO_default_total_200_current_96": 0.4860961820522789, "PSO_default_total_200_current_97": 0.5087356209696736, "PSO_default_total_200_current_98": 0.4604271220305236, "PSO_default_total_200_current_99": 0.7494841000734596, "PSO_default_total_200_current_100": 0.47632315001101233, "PSO_default_total_200_current_101": 0.4791269020352047, "PSO_default_total_200_current_102": 0.533244134960114, "PSO_default_total_200_current_103": 0.4831466809846461, "PSO_default_total_200_current_104": 0.8856041909893975, "PSO_default_total_200_current_105": 1.2943792970036156, "PSO_default_total_200_current_106": 0.49912382499314845, "PSO_default_total_200_current_107": 0.49673664195870515, "PSO_default_total_200_current_108": 0.47727771796053275, "PSO_default_total_200_current_109": 0.5295783960464178, "PSO_default_total_200_current_110": 1.4527709370886441, "PSO_default_total_200_current_111": 0.4962031799950637, "PSO_default_total_200_current_112": 0.7366897499159677, "PSO_default_total_200_current_113": 0.4620365479931934, "PSO_default_total_200_current_114": 0.4787011560401879, "PSO_default_total_200_current_115": 0.5367415229411563, "PSO_default_total_200_current_116": 0.8085927480715327, "PSO_default_total_200_current_117": 0.4716026319511002, "PSO_default_total_200_current_118": 0.4503852299967548, "PSO_default_total_200_current_119": 0.48372239897435065, "PSO_default_total_200_current_120": 0.4538058959733462, "PSO_default_total_200_current_121": 1.0421935719787143, "PSO_default_total_200_current_122": 0.564867695022258, "PSO_default_total_200_current_123": 0.48602739900525194, "PSO_default_total_200_current_124": 0.506566040974576, "PSO_default_total_200_current_125": 0.5870409209019272, "PSO_default_total_200_current_126": 0.5129966570093529, "PSO_default_total_200_current_127": 0.511100297968369, "PSO_default_total_200_current_128": 0.5035261290759081, "PSO_default_total_200_current_129": 0.4882333380082855, "PSO_default_total_200_current_130": 0.4841642360261176, "PSO_default_total_200_current_131": 0.48153922994970344, "PSO_default_total_200_current_132": 0.7414221230283147, "PSO_default_total_200_current_133": 0.49654499802272767, "PSO_default_total_200_current_134": 0.5108622989791911, "PSO_default_total_200_current_135": 0.5139020030474057, "PSO_default_total_200_current_136": 0.4954746070143301, "PSO_default_total_200_current_137": 0.8735233530460391, "PSO_default_total_200_current_138": 0.5595062710490311, "PSO_default_total_200_current_139": 0.517279676059843, "PSO_default_total_200_current_140": 0.9463041769777192, "PSO_default_total_200_current_141": 0.506753108027624,