{"PSO_default_total_300_current_0": 1.9724915740000597, "PSO_default_total_300_current_1": 1.2767764449993138, "PSO_default_total_300_current_2": 1.4014490200002, "PSO_default_total_300_current_3": 1.814896829999725, "PSO_default_total_300_current_4": 3.7848990489992502, "PSO_default_total_300_current_5": 1.330309415000329, "PSO_default_total_300_current_6": 2.273479639999323, "PSO_default_total_300_current_7": 3.772410589999936, "PSO_default_total_300_current_8": 1.6625258329993358, "PSO_default_total_300_current_9": 2.295803514000454, "PSO_default_total_300_current_10": 1.5901635940001597, "PSO_default_total_300_current_11": 3.729912451000473, "PSO_default_total_300_current_12": 3.8539734110008794, "PSO_default_total_300_current_13": 3.4253504790003717, "PSO_default_total_300_current_14": 2.6079184320003606, "PSO_default_total_300_current_15": 1.8889659940000456, "PSO_default_total_300_current_16": 2.385607377001179, "PSO_default_total_300_current_17": 2.5736326009996446, "PSO_default_total_300_current_18": 2.1342751329993916, "PSO_default_total_300_current_19": 1.4129569540002649, "PSO_default_total_300_current_20": 1.3175091329994757, "PSO_default_total_300_current_21": 1.5848139760007598, "PSO_default_total_300_current_22": 2.0590633819999766, "PSO_default_total_300_current_23": 1.7413807209991319, "PSO_default_total_300_current_24": 3.387690447000523, "PSO_default_total_300_current_25": 2.1350350370000797, "PSO_default_total_300_current_26": 1.9005172000001949, "PSO_default_total_300_current_27": 2.564128599999094, "PSO_default_total_300_current_28": 1.3016792029998214, "PSO_default_total_300_current_29": 3.858105435999505, "PSO_default_total_300_current_30": 1.370785189000344, "PSO_default_total_300_current_31": 3.828312882000091, "PSO_default_total_300_current_32": 3.4964904440005284, "PSO_default_total_300_current_33": 1.291451488000348, "PSO_default_total_300_current_34": 2.402811076999342, "PSO_default_total_300_current_35": 1.2694804010002372, "PSO_default_total_300_current_36": 1.7215255329992942, "PSO_default_total_300_current_37": 1.3710217060001924, "PSO_default_total_300_current_38": 1.5070081630003642, "PSO_default_total_300_current_39": 2.866390635999551, "PSO_default_total_300_current_40": 2.5003323430005366, "PSO_default_total_300_current_41": 1.8065824190000512, "PSO_default_total_300_current_42": 2.5738081689999035, "PSO_default_total_300_current_43": 3.035074180001402, "PSO_default_total_300_current_44": 3.2525305539998044, "PSO_default_total_300_current_45": 1.9179044100001192, "PSO_default_total_300_current_46": 3.1997661870004777, "PSO_default_total_300_current_47": 1.2365899259998514, "PSO_default_total_300_current_48": 1.164137807999623, "PSO_default_total_300_current_49": 1.0806684499998482, "PSO_default_total_300_current_50": 1.4182936719998906, "PSO_default_total_300_current_51": 1.8926632260001952, "PSO_default_total_300_current_52": 1.9960921340000368, "PSO_default_total_300_current_53": 1.3184881879997192, "PSO_default_total_300_current_54": 1.0920336650008267, "PSO_default_total_300_current_55": 1.287521082999774, "PSO_default_total_300_current_56": 1.282101512999816, "PSO_default_total_300_current_57": 1.115516560999822, "PSO_default_total_300_current_58": 3.3099725990009574, "PSO_default_total_300_current_59": 2.592050466001183, "PSO_default_total_300_current_60": 1.7271976989991344, "PSO_default_total_300_current_61": 2.0038303119990815, "PSO_default_total_300_current_62": 2.218207024999856, "PSO_default_total_300_current_63": 1.1634389199998623, "PSO_default_total_300_current_64": 1.1670078550002927, "PSO_default_total_300_current_65": 1.7929759779999586, "PSO_default_total_300_current_66": 3.0851886970006035, "PSO_default_total_300_current_67": 3.3060006589994373, "PSO_default_total_300_current_68": 1.4809616739999, "PSO_default_total_300_current_69": 1.9063434910001433, "PSO_default_total_300_current_70": 1.6367551799994544, "PSO_default_total_300_current_71": 1.3642441979991418, "PSO_default_total_300_current_72": 3.2685717049992036, "PSO_default_total_300_current_73": 1.2284902989993043, "PSO_default_total_300_current_74": 1.9914691760004644, "PSO_default_total_300_current_75": 2.760283232999882, "PSO_default_total_300_current_76": 3.327462132998562, "PSO_default_total_300_current_77": 2.39543945499895, "PSO_default_total_300_current_78": 2.144874891999507, "PSO_default_total_300_current_79": 1.1427774180010601, "PSO_default_total_300_current_80": 1.023375715000384, "PSO_default_total_300_current_81": 3.3414404749994446, "PSO_default_total_300_current_82": 3.4092198069999995, "PSO_default_total_300_current_83": 2.1077201890004744, "PSO_default_total_300_current_84": 2.8295400469994547, "PSO_default_total_300_current_85": 1.5791952099998525, "PSO_default_total_300_current_86": 1.0124604600007387, "PSO_default_total_300_current_87": 1.5490934849997302, "PSO_default_total_300_current_88": 1.8573350760000267, "PSO_default_total_300_current_89": 1.892186237998203, "PSO_default_total_300_current_90": 2.272915589001059, "PSO_default_total_300_current_91": 2.350306424001019, "PSO_default_total_300_current_92": 2.1738783089995195, "PSO_default_total_300_current_93": 1.881445857999097, "PSO_default_total_300_current_94": 2.2760720939988914, "PSO_default_total_300_current_95": 3.064918189999844, "PSO_default_total_300_current_96": 1.1745540910001182, "PSO_default_total_300_current_97": 1.104814102999626, "PSO_default_total_300_current_98": 3.384243540000625, "PSO_default_total_300_current_99": 1.1971052689998487, "PSO_default_total_300_current_100": 3.4922484720000284, "PSO_default_total_300_current_101": 1.3607196819998535, "PSO_default_total_300_current_102": 3.4497998969998207, "PSO_default_total_300_current_103": 1.4414980069998364, "PSO_default_total_300_current_104": 1.681919012000435, "PSO_default_total_300_current_105": 1.7404302370009646, "PSO_default_total_300_current_106": 3.2515643199994884, "PSO_default_total_300_current_107": 3.4564913610008716, "PSO_default_total_300_current_108": 1.0634607129989035, "PSO_default_total_300_current_109": 2.204301899001166, "PSO_default_total_300_current_110": 2.380289295000239, "PSO_default_total_300_current_111": 2.1657492020005975, "PSO_default_total_300_current_112": 1.1078686589994504, "PSO_default_total_300_current_113": 3.0160187999977097, "PSO_default_total_300_current_114": 1.4747386959991218, "PSO_default_total_300_current_115": 1.3985675559995343, "PSO_default_total_300_current_116": 1.3440662550003708, "PSO_default_total_300_current_117": 1.1598954480011798, "PSO_default_total_300_current_118": 1.7585374930004036, "PSO_default_total_300_current_119": 2.2461622860016632, "PSO_default_total_300_current_120": 1.2185170020009082, "PSO_default_total_300_current_121": 1.0789551959992423, "PSO_default_total_300_current_122": 1.232715027000495, "PSO_default_total_300_current_123": 1.608412970000245, "PSO_default_total_300_current_124": 3.2127749480002876, "PSO_default_total_300_current_125": 1.1486952450004537, "PSO_default_total_300_current_126": 1.9793582540003172, "PSO_default_total_300_current_127": 1.0771408120001524, "PSO_default_total_300_current_128": 1.1894195799998215, "PSO_default_total_300_current_129": 1.282552856998791, "PSO_default_total_300_current_130": 2.71635610399926, "PSO_default_total_300_current_131": 2.5226714619991526, "PSO_default_total_300_current_132": 1.0060899279997102, "PSO_default_total_300_current_133": 1.1630280840001888, "PSO_default_total_300_current_134": 1.7383137480005644, "PSO_default_total_300_current_135": 0.9822501080013808, "PSO_default_total_300_current_136": 0.9785019909998027, "PSO_default_total_300_current_137": 1.2499180479996994, "PSO_default_total_300_current_138": 1.7777782140001364, "PSO_default_total_300_current_139": 0.9786440620000576, "PSO_default_total_300_current_140": 1.0273315820002153, "PSO_default_total_300_current_141": 0.9478358050000679, "PSO_default_total_300_current_142": 0.9432508790002885,