{"PSO_default_total_300_current_0": 1.6528872250928544, "PSO_default_total_300_current_1": 0.8299410529871238, "PSO_default_total_300_current_2": 0.7608293380326359, "PSO_default_total_300_current_3": 0.8937516209552996, "PSO_default_total_300_current_4": 1.0720987890235847, "PSO_default_total_300_current_5": 0.8613887950050412, "PSO_default_total_300_current_6": 1.491324742033612, "PSO_default_total_300_current_7": 0.6810399270325433, "PSO_default_total_300_current_8": 0.6802394620463019, "PSO_default_total_300_current_9": 1.2613046770420624, "PSO_default_total_300_current_10": 1.6356577680271585, "PSO_default_total_300_current_11": 2.062782313048956, "PSO_default_total_300_current_12": 1.8863991730613634, "PSO_default_total_300_current_13": 1.9807548809767468, "PSO_default_total_300_current_14": 1.0106815279868897, "PSO_default_total_300_current_15": 2.050527816041722, "PSO_default_total_300_current_16": 1.0381832150014816, "PSO_default_total_300_current_17": 1.6232587050908478, "PSO_default_total_300_current_18": 1.7804431510012364, "PSO_default_total_300_current_19": 1.9454125478951028, "PSO_default_total_300_current_20": 0.731224531045882, "PSO_default_total_300_current_21": 0.6787423129571835, "PSO_default_total_300_current_22": 0.9601212289999239, "PSO_default_total_300_current_23": 1.7877277410007082, "PSO_default_total_300_current_24": 1.4535982090164907, "PSO_default_total_300_current_25": 1.186152259047958, "PSO_default_total_300_current_26": 0.8625631299510133, "PSO_default_total_300_current_27": 1.0929615459754132, "PSO_default_total_300_current_28": 1.1197258359898115, "PSO_default_total_300_current_29": 0.7843204400269315, "PSO_default_total_300_current_30": 0.7248636649601394, "PSO_default_total_300_current_31": 1.9545242440362927, "PSO_default_total_300_current_32": 0.8582187320425874, "PSO_default_total_300_current_33": 1.4816669370338786, "PSO_default_total_300_current_34": 0.7138095480040647, "PSO_default_total_300_current_35": 0.9242409509606659, "PSO_default_total_300_current_36": 1.6126772419956978, "PSO_default_total_300_current_37": 1.2768392299767584, "PSO_default_total_300_current_38": 2.0147338099923218, "PSO_default_total_300_current_39": 1.1525568299985025, "PSO_default_total_300_current_40": 0.8293741349625634, "PSO_default_total_300_current_41": 1.5321307299600448, "PSO_default_total_300_current_42": 0.7954362179298187, "PSO_default_total_300_current_43": 1.8433119629626162, "PSO_default_total_300_current_44": 1.2370272399712121, "PSO_default_total_300_current_45": 1.3597287140146364, "PSO_default_total_300_current_46": 0.7168426599819213, "PSO_default_total_300_current_47": 0.6590055240085348, "PSO_default_total_300_current_48": 0.790047800008324, "PSO_default_total_300_current_49": 1.186634328973014, "PSO_default_total_300_current_50": 1.894417153991526, "PSO_default_total_300_current_51": 2.053609710885212, "PSO_default_total_300_current_52": 0.7911151780572254, "PSO_default_total_300_current_53": 1.1844748700095806, "PSO_default_total_300_current_54": 1.1664451810211176, "PSO_default_total_300_current_55": 0.88507686003868, "PSO_default_total_300_current_56": 1.0635332310048398, "PSO_default_total_300_current_57": 0.5785023749485845, "PSO_default_total_300_current_58": 1.9202568980254, "PSO_default_total_300_current_59": 0.7176297749829246, "PSO_default_total_300_current_60": 0.7564967060316121, "PSO_default_total_300_current_61": 0.6587478989531519, "PSO_default_total_300_current_62": 1.2322933920950163, "PSO_default_total_300_current_63": 1.9547428939840756, "PSO_default_total_300_current_64": 0.7722274099942297, "PSO_default_total_300_current_65": 1.079668527978356, "PSO_default_total_300_current_66": 1.8804844259866513, "PSO_default_total_300_current_67": 2.0678039619961055, "PSO_default_total_300_current_68": 0.7066700189898256, "PSO_default_total_300_current_69": 0.6309745440084953, "PSO_default_total_300_current_70": 0.6961807640327606, "PSO_default_total_300_current_71": 2.007380779046798, "PSO_default_total_300_current_72": 1.1417661969317123, "PSO_default_total_300_current_73": 0.9006532120256452, "PSO_default_total_300_current_74": 0.6823514269926818, "PSO_default_total_300_current_75": 1.1428563630470308, "PSO_default_total_300_current_76": 0.6899080110015348, "PSO_default_total_300_current_77": 1.8996505439572502, "PSO_default_total_300_current_78": 1.898695919997408, "PSO_default_total_300_current_79": 0.609167177011841, "PSO_default_total_300_current_80": 0.6989722160069505, "PSO_default_total_300_current_81": 0.7889490630623186, "PSO_default_total_300_current_82": 1.9192005170043558, "PSO_default_total_300_current_83": 1.5050428539689165, "PSO_default_total_300_current_84": 0.637574449996464, "PSO_default_total_300_current_85": 1.578598598964163, "PSO_default_total_300_current_86": 1.976891806916683, "PSO_default_total_300_current_87": 1.0290662180777872, "PSO_default_total_300_current_88": 0.6255408659926616, "PSO_default_total_300_current_89": 1.0225053119356744, "PSO_default_total_300_current_90": 1.0359184489643667, "PSO_default_total_300_current_91": 1.8559054900397314, "PSO_default_total_300_current_92": 1.8686306909366976, "PSO_default_total_300_current_93": 1.4667571870231768, "PSO_default_total_300_current_94": 0.8772186369897099, "PSO_default_total_300_current_95": 1.7240116690663854, "PSO_default_total_300_current_96": 0.635037396044936, "PSO_default_total_300_current_97": 0.5437527189787943, "PSO_default_total_300_current_98": 0.894748762017116, "PSO_default_total_300_current_99": 0.5301983810495585, "PSO_default_total_300_current_100": 0.8606226609990699, "PSO_default_total_300_current_101": 1.5910823089361656, "PSO_default_total_300_current_102": 0.5800593920284882, "PSO_default_total_300_current_103": 0.5370789419830544, "PSO_default_total_300_current_104": 0.6730738260084763, "PSO_default_total_300_current_105": 1.3922844769549556, "PSO_default_total_300_current_106": 0.4933160240179859, "PSO_default_total_300_current_107": 0.5717336749512469, "PSO_default_total_300_current_108": 0.5284769119898556, "PSO_default_total_300_current_109": 0.5060950989864068, "PSO_default_total_300_current_110": 1.2638273399643367, "PSO_default_total_300_current_111": 0.5676731620333157, "PSO_default_total_300_current_112": 0.7228852750122314, "PSO_default_total_300_current_113": 1.0419802500255173, "PSO_default_total_300_current_114": 0.6248852289427305, "PSO_default_total_300_current_115": 0.5337664319959003, "PSO_default_total_300_current_116": 0.5105069760029437, "PSO_default_total_300_current_117": 1.6056647460500244, "PSO_default_total_300_current_118": 0.654071272991132, "PSO_default_total_300_current_119": 0.5935954559972743, "PSO_default_total_300_current_120": 0.5129235140047967, "PSO_default_total_300_current_121": 0.7158306300116237, "PSO_default_total_300_current_122": 0.5721677240217105, "PSO_default_total_300_current_123": 0.6133950290532084, "PSO_default_total_300_current_124": 0.8397501450235723, "PSO_default_total_300_current_125": 0.5210684729972854, "PSO_default_total_300_current_126": 0.5293274229916278, "PSO_default_total_300_current_127": 0.5421386419911869, "PSO_default_total_300_current_128": 1.5795399929193081, "PSO_default_total_300_current_129": 0.5299372419685824, "PSO_default_total_300_current_130": 0.7926517649902962, "PSO_default_total_300_current_131": 0.5070009570044931, "PSO_default_total_300_current_132": 0.5478721570252674, "PSO_default_total_300_current_133": 0.523564855044242, "PSO_default_total_300_current_134": 0.5285663580580149, "PSO_default_total_300_current_135": 0.555411388995708, "PSO_default_total_300_current_136": 1.5755755720165325, "PSO_default_total_300_current_137": 0.5341162349941442, "PSO_default_total_300_current_138": 1.130158889980521, "PSO_default_total_300_current_139": 0.5421014549792744, "PSO_default_total_300_current_140": 0.5991657799604582, "PSO_default_total_300_current_141": 0.5430016170575982,