{"PSO_default_total_100_current_0": 1.183807841007365, "PSO_default_total_100_current_1": 1.838825005965191, "PSO_default_total_100_current_2": 1.8180157349997899, "PSO_default_total_100_current_3": 1.0986342741089175, "PSO_default_total_100_current_4": 0.8685780719242757, "PSO_default_total_100_current_5": 0.6950267789216014, "PSO_default_total_100_current_6": 0.5676042270206381, "PSO_default_total_100_current_7": 1.042470016007428, "PSO_default_total_100_current_8": 0.6959069330478087, "PSO_default_total_100_current_9": 0.5438194080343237, "PSO_default_total_100_current_10": 1.2811413609742885, "PSO_default_total_100_current_11": 1.9519481279276079, "PSO_default_total_100_current_12": 0.9031271700223442, "PSO_default_total_100_current_13": 1.221059576011612, "PSO_default_total_100_current_14": 1.7421184109698515, "PSO_default_total_100_current_15": 0.6234390269819414, "PSO_default_total_100_current_16": 0.8250116960116429, "PSO_default_total_100_current_17": 1.1327718430111418, "PSO_default_total_100_current_18": 0.8764875689666951, "PSO_default_total_100_current_19": 1.3886009250272764, "PSO_default_total_100_current_20": 1.0372310090024257, "PSO_default_total_100_current_21": 0.595962647916167, "PSO_default_total_100_current_22": 0.7985306850459892, "PSO_default_total_100_current_23": 0.640683916019043, "PSO_default_total_100_current_24": 0.5094771510193823, "PSO_default_total_100_current_25": 0.6043601319834124, "PSO_default_total_100_current_26": 0.5228134730423335, "PSO_default_total_100_current_27": 0.5783068970195018, "PSO_default_total_100_current_28": 0.9703148041153327, "PSO_default_total_100_current_29": 0.5093363470077747, "PSO_default_total_100_current_30": 0.5816993370535783, "PSO_default_total_100_current_31": 1.3973988099314738, "PSO_default_total_100_current_32": 0.5529136709665181, "PSO_default_total_100_current_33": 0.5789513389900094, "PSO_default_total_100_current_34": 0.4451186339574633, "PSO_default_total_100_current_35": 1.2091908409784082, "PSO_default_total_100_current_36": 0.5011299379984848, "PSO_default_total_100_current_37": 0.4434238429821562, "PSO_default_total_100_current_38": 0.5004437110037543, "PSO_default_total_100_current_39": 0.5012611660204129, "PSO_default_total_100_current_40": 0.4779484779573977, "PSO_default_total_100_current_41": 0.8052337480185088, "PSO_default_total_100_current_42": 0.5064437459805049, "PSO_default_total_100_current_43": 0.7296964359702542, "PSO_default_total_100_current_44": 0.450476263082237, "PSO_default_total_100_current_45": 0.4843156260321848, "PSO_default_total_100_current_46": 0.43228272296255454, "PSO_default_total_100_current_47": 0.5326110250025522, "PSO_default_total_100_current_48": 0.44887627093703486, "PSO_default_total_100_current_49": 0.4476799509866396, "PSO_default_total_100_current_50": 0.5181223639810923, "PSO_default_total_100_current_51": 1.5375573020719457, "PSO_default_total_100_current_52": 1.0027786810387624, "PSO_default_total_100_current_53": 0.4478327859687852, "PSO_default_total_100_current_54": 0.5874902099458268, "PSO_default_total_100_current_55": 0.4391766290209489, "PSO_default_total_100_current_56": 0.4588303650234593, "PSO_default_total_100_current_57": 0.46209613799874205, "PSO_default_total_100_current_58": 0.5498572790820617, "PSO_default_total_100_current_59": 0.4862748990562977, "PSO_default_total_100_current_60": 0.5740469050360844, "PSO_default_total_100_current_61": 0.7624693390680477, "PSO_default_total_100_current_62": 1.155542435022653, "PSO_default_total_100_current_63": 0.8970353240438271, "PSO_default_total_100_current_64": 0.6485388279543258, "PSO_default_total_100_current_65": 0.6391628410638077, "PSO_default_total_100_current_66": 0.9355823329824489, "PSO_default_total_100_current_67": 1.4423085280577652, "PSO_default_total_100_current_68": 1.0408558739582077, "PSO_default_total_100_current_69": 1.1461872229847359, "PSO_default_total_100_current_70": 0.7692574669927126, "PSO_default_total_100_current_71": 1.1145457059756154, "PSO_default_total_100_current_72": 0.8752345239190618, "PSO_default_total_100_current_73": 0.7622964450565632, "PSO_default_total_100_current_74": 1.6055522590468172, "PSO_default_total_100_current_75": 1.351532825108734, "PSO_default_total_100_current_76": 1.1102913770300802, "PSO_default_total_100_current_77": 1.7503418519918341, "PSO_default_total_100_current_78": 1.2535809420514852, "PSO_default_total_100_current_79": 0.9742340179655002, "PSO_default_total_100_current_80": 1.17015710301348, "PSO_default_total_100_current_81": 0.5897061720024794, "PSO_default_total_100_current_82": 0.8521408629021607, "PSO_default_total_100_current_83": 0.9899794950179057, "PSO_default_total_100_current_84": 1.1541063999611652, "PSO_default_total_100_current_85": 0.49366199399810284, "PSO_default_total_100_current_86": 0.604469276004238, "PSO_default_total_100_current_87": 0.5910102019697661, "PSO_default_total_100_current_88": 1.240532432901091, "PSO_default_total_100_current_89": 1.5292057490587467, "PSO_default_total_100_current_90": 1.4458029611269012, "PSO_default_total_100_current_91": 0.7958177510445239, "PSO_default_total_100_current_92": 1.3680189700535266, "PSO_default_total_100_current_93": 1.17627485304547, "PSO_default_total_100_current_94": 1.3868331690318882, "PSO_default_total_100_current_95": 0.7841070540162036, "PSO_default_total_100_current_96": 1.146785284014186, "PSO_default_total_100_current_97": 1.5241265569638927, "PSO_default_total_100_current_98": 1.1222951979289064, "PSO_default_total_100_current_99": 1.048125615954632}