{"PSO_default_total_200_current_0": 1.5062173369999527, "PSO_default_total_200_current_1": 1.959597719999806, "PSO_default_total_200_current_2": 1.5929748819996803, "PSO_default_total_200_current_3": 2.434226049000131, "PSO_default_total_200_current_4": 1.9165269319996696, "PSO_default_total_200_current_5": 3.06018082699984, "PSO_default_total_200_current_6": 1.3264932879999378, "PSO_default_total_200_current_7": 1.6423689890000333, "PSO_default_total_200_current_8": 1.427390360999766, "PSO_default_total_200_current_9": 2.4129903910002213, "PSO_default_total_200_current_10": 1.1789845740003102, "PSO_default_total_200_current_11": 1.28998659399997, "PSO_default_total_200_current_12": 1.0935132649998422, "PSO_default_total_200_current_13": 2.40978864300007, "PSO_default_total_200_current_14": 1.2771955759991442, "PSO_default_total_200_current_15": 2.669368509999913, "PSO_default_total_200_current_16": 2.536661804000005, "PSO_default_total_200_current_17": 1.389794501999745, "PSO_default_total_200_current_18": 2.3809575250002126, "PSO_default_total_200_current_19": 1.621359773999643, "PSO_default_total_200_current_20": 1.5680699409998624, "PSO_default_total_200_current_21": 1.130919310999957, "PSO_default_total_200_current_22": 3.3174627920001285, "PSO_default_total_200_current_23": 2.486697509999658, "PSO_default_total_200_current_24": 1.4853894070005254, "PSO_default_total_200_current_25": 1.6017684680003867, "PSO_default_total_200_current_26": 3.1907867259997147, "PSO_default_total_200_current_27": 1.2214103160000604, "PSO_default_total_200_current_28": 3.2297997529990425, "PSO_default_total_200_current_29": 0.995626657999992, "PSO_default_total_200_current_30": 1.4798887090003063, "PSO_default_total_200_current_31": 1.0569572599999901, "PSO_default_total_200_current_32": 0.968216680999717, "PSO_default_total_200_current_33": 1.503615952000132, "PSO_default_total_200_current_34": 2.475636525000482, "PSO_default_total_200_current_35": 2.001745157999835, "PSO_default_total_200_current_36": 1.0497830880002539, "PSO_default_total_200_current_37": 3.26291170699983, "PSO_default_total_200_current_38": 1.9029519460003712, "PSO_default_total_200_current_39": 2.0490388769997026, "PSO_default_total_200_current_40": 1.2799075860001494, "PSO_default_total_200_current_41": 1.9305356980003125, "PSO_default_total_200_current_42": 2.3163943629987216, "PSO_default_total_200_current_43": 1.4586197199997741, "PSO_default_total_200_current_44": 1.3923149030002833, "PSO_default_total_200_current_45": 2.2201355349995993, "PSO_default_total_200_current_46": 1.0998172330002944, "PSO_default_total_200_current_47": 1.1875587820002238, "PSO_default_total_200_current_48": 1.8230607399998462, "PSO_default_total_200_current_49": 1.6717334629997822, "PSO_default_total_200_current_50": 1.0175374049995298, "PSO_default_total_200_current_51": 1.529999406999309, "PSO_default_total_200_current_52": 2.041136457999869, "PSO_default_total_200_current_53": 0.9710578099999339, "PSO_default_total_200_current_54": 1.2371374239997976, "PSO_default_total_200_current_55": 1.299164939999514, "PSO_default_total_200_current_56": 1.9866287750000993, "PSO_default_total_200_current_57": 1.1045818740001323, "PSO_default_total_200_current_58": 2.295744724999622, "PSO_default_total_200_current_59": 1.80679665299931, "PSO_default_total_200_current_60": 1.0334377959997028, "PSO_default_total_200_current_61": 1.0334183480000547, "PSO_default_total_200_current_62": 1.1007181559996297, "PSO_default_total_200_current_63": 2.5436736370003246, "PSO_default_total_200_current_64": 1.043150464000064, "PSO_default_total_200_current_65": 1.0797574770000438, "PSO_default_total_200_current_66": 1.3491723499998898, "PSO_default_total_200_current_67": 3.178403689999982, "PSO_default_total_200_current_68": 2.091594752000219, "PSO_default_total_200_current_69": 3.2540363530007426, "PSO_default_total_200_current_70": 1.0427411969998275, "PSO_default_total_200_current_71": 2.136755395999444, "PSO_default_total_200_current_72": 1.2348131849998936, "PSO_default_total_200_current_73": 1.3372349440002154, "PSO_default_total_200_current_74": 1.159803274000069, "PSO_default_total_200_current_75": 2.2230222750002895, "PSO_default_total_200_current_76": 2.102842054000007, "PSO_default_total_200_current_77": 2.0675140810004677, "PSO_default_total_200_current_78": 1.1173703130000376, "PSO_default_total_200_current_79": 2.1115177779993246, "PSO_default_total_200_current_80": 1.2703188959999352, "PSO_default_total_200_current_81": 3.2490075029990066, "PSO_default_total_200_current_82": 3.2624276649992225, "PSO_default_total_200_current_83": 1.1563424759999634, "PSO_default_total_200_current_84": 1.035696147999488, "PSO_default_total_200_current_85": 1.71238989499966, "PSO_default_total_200_current_86": 1.7528310569991845, "PSO_default_total_200_current_87": 0.927351126000076, "PSO_default_total_200_current_88": 1.1591407160001381, "PSO_default_total_200_current_89": 1.0988230890002342, "PSO_default_total_200_current_90": 1.1196458070007793, "PSO_default_total_200_current_91": 2.0216938890002893, "PSO_default_total_200_current_92": 2.7244449510008053, "PSO_default_total_200_current_93": 1.963085631001377, "PSO_default_total_200_current_94": 1.1586768469996969, "PSO_default_total_200_current_95": 0.9641397929999584, "PSO_default_total_200_current_96": 0.9705702819994713, "PSO_default_total_200_current_97": 1.2492410410004595, "PSO_default_total_200_current_98": 1.2128582390000702, "PSO_default_total_200_current_99": 1.1140276700002687, "PSO_default_total_200_current_100": 2.1800911330001327, "PSO_default_total_200_current_101": 0.9747661970000081, "PSO_default_total_200_current_102": 0.9926430429998163, "PSO_default_total_200_current_103": 0.9843046330001926, "PSO_default_total_200_current_104": 1.0250428440010637, "PSO_default_total_200_current_105": 0.9903402760007793, "PSO_default_total_200_current_106": 1.108263870999508, "PSO_default_total_200_current_107": 1.0521650540006249, "PSO_default_total_200_current_108": 3.0623726430017086, "PSO_default_total_200_current_109": 1.0167126679996272, "PSO_default_total_200_current_110": 1.7939435750006396, "PSO_default_total_200_current_111": 0.9970698110005287, "PSO_default_total_200_current_112": 1.2418913879992033, "PSO_default_total_200_current_113": 1.3094857470014176, "PSO_default_total_200_current_114": 1.3786677980001514, "PSO_default_total_200_current_115": 1.0190271729986762, "PSO_default_total_200_current_116": 1.2955507860010584, "PSO_default_total_200_current_117": 3.033496056001013, "PSO_default_total_200_current_118": 1.061474872999952, "PSO_default_total_200_current_119": 3.0735589680009525, "PSO_default_total_200_current_120": 0.9850054949988589, "PSO_default_total_200_current_121": 1.2986104639999212, "PSO_default_total_200_current_122": 1.0847465540000485, "PSO_default_total_200_current_123": 1.0108010919998378, "PSO_default_total_200_current_124": 1.0361265899996397, "PSO_default_total_200_current_125": 1.90973548199986, "PSO_default_total_200_current_126": 1.2656840760005252, "PSO_default_total_200_current_127": 1.0483780599997772, "PSO_default_total_200_current_128": 1.6629851599991525, "PSO_default_total_200_current_129": 1.6316527080002743, "PSO_default_total_200_current_130": 2.315674068999897, "PSO_default_total_200_current_131": 3.226892975998453, "PSO_default_total_200_current_132": 3.059650371998032, "PSO_default_total_200_current_133": 1.336051179999913, "PSO_default_total_200_current_134": 1.0363264819995948, "PSO_default_total_200_current_135": 3.1297909249990425, "PSO_default_total_200_current_136": 1.0375542720003068, "PSO_default_total_200_current_137": 3.039801310000257, "PSO_default_total_200_current_138": 1.6703253210005187, "PSO_default_total_200_current_139": 1.4220476719985982, "PSO_default_total_200_current_140": 3.0539010240004245, "PSO_default_total_200_current_141": 1.0232744750003349, "PSO_default_total_200_current_142": 1.418027159000303,